{ "class":"scene:level1",
 "compressionlevel":-1,
 "height":15,
 "infinite":false,
 "layers":[
        {
         "class":"Container",
         "id":6,
         "layers":[
                {
                 "class":"Container",
                 "id":3,
                 "layers":[
                        {
                         "id":4,
                         "image":"..\/images\/bg1.png",
                         "name":"bg1",
                         "offsetx":-476.727,
                         "offsety":-240.727,
                         "opacity":1,
                         "type":"imagelayer",
                         "visible":true,
                         "x":0,
                         "y":0
                        }],
                 "name":"backgrounds",
                 "opacity":1,
                 "type":"group",
                 "visible":true,
                 "x":0,
                 "y":0
                }, 
                {
                 "class":"Collider",
                 "color":"#00ff00",
                 "draworder":"topdown",
                 "id":13,
                 "name":"platforms",
                 "objects":[
                        {
                         "height":231.394,
                         "id":1,
                         "name":"",
                         "rotation":0,
                         "type":"",
                         "visible":true,
                         "width":49.3333,
                         "x":22.7273,
                         "y":-25.697
                        }, 
                        {
                         "height":231.394,
                         "id":2,
                         "name":"",
                         "rotation":0,
                         "type":"",
                         "visible":true,
                         "width":49.3333,
                         "x":254.727,
                         "y":-23.0303
                        }, 
                        {
                         "height":48,
                         "id":3,
                         "name":"",
                         "rotation":0,
                         "type":"",
                         "visible":true,
                         "width":452,
                         "x":-60.3333,
                         "y":139
                        }],
                 "opacity":1,
                 "type":"objectgroup",
                 "visible":true,
                 "x":0,
                 "y":0
                }, 
                {
                 "id":19,
                 "layers":[],
                 "name":"checkpoints",
                 "opacity":1,
                 "type":"group",
                 "visible":true,
                 "x":0,
                 "y":0
                }, 
                {
                 "class":"Sprite",
                 "color":"#ff0000",
                 "draworder":"topdown",
                 "id":14,
                 "name":"actors",
                 "objects":[
                        {
                         "height":39.4545,
                         "id":4,
                         "name":"player",
                         "rotation":0,
                         "type":"",
                         "visible":true,
                         "width":7.5,
                         "x":92.5909,
                         "y":46.2727
                        }, 
                        {
                         "height":39.4545,
                         "id":9,
                         "name":"enemy1",
                         "rotation":0,
                         "type":"",
                         "visible":true,
                         "width":7.5,
                         "x":186.25,
                         "y":46.2728
                        }],
                 "opacity":1,
                 "type":"objectgroup",
                 "visible":true,
                 "x":0,
                 "y":0
                }],
         "name":"world",
         "opacity":1,
         "type":"group",
         "visible":true,
         "x":0,
         "y":0
        }],
 "nextlayerid":21,
 "nextobjectid":14,
 "orientation":"orthogonal",
 "renderorder":"right-down",
 "tiledversion":"1.10.1",
 "tileheight":12,
 "tilesets":[],
 "tilewidth":16,
 "type":"map",
 "version":"1.10",
 "width":20
}